"Id","Name"
"704461308424","DEV_ExecutiveSalesReporting"
"331956161189","DEV_PolicyAdministration_Containers"
"890663024483","TST_InteractiveVoiceRecognition_Services"
"499166352453","Network_Services"
"795752532668","TST_NZ_DocumentPortal"
"408687739846","DEV_GCCSApp"
"229844166211","WorksiteBilling_Dev"
"361418385861","STG_NBUWIntegration"
"633442556533","STG_AILeApp"
"715473115931","Pilot_Inisghts_DataLake"
"609314458591","TST_PolicyAdministration_Containers"
"019916533242","STG_MuleSoft"
"969638557656","TST_GlobeITWiki"
"420053198525","STG_LegacySharedDataSvc"
"712454232611","TST_Kitewheel"
"991787178686","PRD_Impact"
"969676307089","STG_MarTech_EntData"
"315239881217","PRD_GCCSApp"
"834488898818","PRD_eServiceCenter"
"195047626065","Globe_UserServices"
"235039969621","ESD"
"999908908487","PRD_MAPSApplication"
"073412041252","STG_eClaims"
"437833767532","PRD_PolySystems"
"016108676991","DEV_MarTech_BI"
"265084811583","TST_AILeApp"
"448836929085","DEV_AgentAutomation"
"911861643994","DEV_OutboundDialerIntegration"
"810899865434","DEV_CorporateDisclaimerServices"
"095466251509","Sandbox_4"
"409879795886","PRD_MuleSoft"
"123115268318","STG_LNLAgentPortal"
"489768172571","PRD_FirstCommandPortal"
"149525969220","PRD_Citrix_Services"
"706034562777","PRD_IncentiveCompMgmt"
"778068291240","Sandbox_6"
"838001389413","CDM_Prod"
"039496527162","SIT_LNLAgentPortal"
"758922519981","TST_eServiceCenter"
"249620487536","DEV_MarTech_EntData"
"759766249971","Sandbox_1"
"191231010148","Sandbox_5"
"678263939725","DEV_LegacySharedDataSvc"
"531377953786","DEV_InteractiveVoiceRecognition_Services"
"678331236951","DEV_NZ_DocumentPortal"
"134041079304","TST_MAPSApplication"
"395460512899","PRD_Tableau"
"966532977635","TST_PolicyAdminSystem"
"577665256486","TST_PostPreSort_Services"
"544871880637","PRD_LegacySharedDataSvc"
"731845291437","Pilot_GreatExpectations"
"417228016602","PRD_PolicyAdministration_Containers"
"557214421221","DEV_QlikView"
"093379724937","Pilot_CMDB_AssetManagement_Services"
"647859902130","TST_SecOps_Tools"
"100774608395","ESD_Dev"
"631792256879","Architecture_Governance"
"475776162342","DEV_DataMigrationToolkit"
"109816066796","SIT_MuleSoft"
"482160556746","Network_PPrd"
"068037978529","DEV_GlobeITWiki"
"079467772720","TST_AgentAutomation"
"899738559321","SFDC_Integration_Prod"
"752297527960","POC_CASFoxPro"
"440470836202","STG_Informatica"
"837225851246","STG_Citrix_Services"
"640023608031","PRD_MarTech_EntData"
"601278531880","DEV_CentralProcessingSystem"
"882512277310","PRD_ITSMIntegration"
"988574308510","DEV_eServiceCenter"
"559573039745","TST_DataMigrationToolkit"
"443768221670","PRD_NBUWIntegration"
"326153467009","PRD_ApplicationMigrationServices"
"484126561220","DEV_PaymentsExceptionProcessing"
"006516141820","DEV_CloudMgmtPlatform"
"548664465424","LegacyModernization_Dev"
"357307920328","DEV_Informatica"
"817608377584","TST_MuleSoft"
"415130702063","PRD_PolicyAdminSystem"
"803769386525","SIT_CeApp"
"782626380355","PRD_InteractiveVoiceRecognition_Services"
"498707044976","PRD_DevOps_Services"
"772950966281","POC_AlgoSec"
"340065429575","STG_FHDeApp"
"161064053858","TST_WorksiteBilling"
"926529116448","SIT_PolicyAdminSystem"
"888439645039","TST_CorporateDisclaimerServices"
"324474165327","STG_FirstCommandPortal"
"707192109926","PRD_RightFax"
"914369173711","TST_IncentiveCompMgmt"
"874595533236","Sandbox_2"
"456834854024","TST_Tableau"
"285465553005","PRD_eClaims"
"653533026033","PRD_NZ_DocumentPortal"
"373517002798","TST_GCCSApp"
"752975561215","POC_Sagemaker_DataLab"
"082192703757","STG_CeApp"
"481908924940","BFX_MuleSoft"
"070987320445","DEV_Tableau"
"113204598149","Log archive"
"918699644732","PRD_AgentAutomation"
"366537629457","TST_eClaims"
"340773434822","PRD_CentralProcessingSystem"
"530745444103","DEV_eClaims"
"169653819662","DEV_Docusign-Integration"
"875192539114","PRD_EnterpriseScheduler"
"877644377535","TST_ExecutiveSalesReporting"
"329571145475","TST_CeApp"
"724270557589","STG_NZ_DocumentPortal"
"283732856488","DEV_Kentico"
"685913451978","DEV_PolySystems"
"880668869282","TST_Docusign-Integration"
"652346725624","PRD_GlobeDirect"
"658888660064","PRD_RoboticsProcessAutomation"
"631696973287","STG_DataMigrationToolkit"
"849497887616","TST_Informatica"
"774387468971","TST_GDTC_Email-Integration"
"082354424602","BFX_PolicyAdminSystem"
"822659547100","STG_BankAccountVerification"
"281040924315","SFDC_Integration_Stage"
"036752864811","PRD_PaymentsExceptionProcessing"
"616367848919","STG_Impact"
"534282112466","PRD_Lawson"
"299123766838","PRD_CloudMgmtPlatform"
"174919954477","DEV_MAPSApplication"
"814723511015","Sandbox_Containers"
"757498533446","TST_OutboundDialerIntegration"
"634858848865","PRD_BankAccountVerification"
"488126048298","IT_Operations_Services"
"422790514063","DEV_Impact"
"660034111721","PRD_ExecutiveSalesReporting"
"489592153580","PPD_ApplicationMigrationServices"
"753936362610","TST_BankAccountVerification"
"647167341482","TST_PaymentsExceptionProcessing"
"040038112251","SecuritySandbox"
"405427810918","Sandbox_3"
"936316590133","DEV_QualityAssurance_Services"
"916241246971","TST_GDTC_Merkle"
"425017697424","QualityAssurance_Services"
"591315122585","PRD_Informatica"
"484067736459","TST_GlobeDirect"
"947910800194","DEV_RightFax"
"778257599988","DEV_Lawson"
"893377771940","STG_IncentiveCompMgmt"
"193307685252","DEV_MuleSoft"
"976690264740","PRD_ExtFileTransfer_Services"
"836635038545","Identity_Services"
"200622273673","STG_PolicyAdministration_Containers"
"967033112968","PRD_GDTC_Email-Integration"
"206055887075","TST_MarTech_EntData"
"402131005631","PRD_LNLAgentPortal"
"839129450340","PRD_OutboundDialerIntegration"
"047787824797","DEV_CeApp"
"809679868390","DEV_Globe_IQ"
"068690677268","TST_FirstCommandPortal"
"797002664520","DEV_LNLAgentPortal"
"811569181215","CDM_Stage"
"744030049322","DEV_BankAccountVerification"
"738683365990","Network_Security"
"512957510295","TST_NBUWIntegration"
"549851957014","PRD_WFM_Community"
"344937472937","PRD_DataMigrationToolkit"
"294686019417","PRD_FHDeApp"
"064831307558","STG_CorporateDisclaimerServices"
"034158120736","DEV_FHDeApp"
"662627786878","Globe Life"
"146773978251","DEV_RoboticsProcessAutomation"
"963329397756","DEV_NBUWIntegration"
"420315433838","PRD_GDTC_Merkle"
"333491466889","PRD_QlikView"
"463219812400","STG_OutboundDialerIntegration"
"588755084939","PRD_Docusign-Integration"
"049715419941","DEV_FirstCommandPortal"
"762440693301","PRD_WhiteLion"
"124178480447","Audit"
"896172592430","CDM_Dev"
"089456546922","SFDC_Integration_Dev"
"291445516538","STG_ExecutiveSalesReporting"
"059004262227","DEV_DevOps_Services"
"774606061104","DEV_GDTC_Merkle"
"166639160687","PRD_Kentico"
"165045438144","DEV_PolicyAdminSystem"
"669909837126","PRD_SecOps_Tools"
"516859504519","TST_PolySystems"
"702078249593","TST_LNLAgentPortal"
"516837992756","TST_LegacySharedDataSvc"
"427475715700","DEV_ExtFileTransfer_Services"
"881355773341","STG_PolicyAdminSystem"
"918101163831","PRD_WorksiteBilling"
"718123615884","PRD_Globe_IQ"
"048164889377","DEV_GlobeDirect"
"127181659380","TST_CentralProcessingSystem"
"979764594961","PRD_CorporateDisclaimerServices"
"683228415736","PRD_AILeApp"
"792449926040","DEV_AILeApp"
"020607924529","TST_Impact"
"939781381405","DEV_IncentiveCompMgmt"
"456865107483","PRD_CherwellIntegration"
"351414345235","Backup_and_DisasterRecovery"
"856695471500","CDM_Test_2"
"636701641340","TST_FHDeApp"
"346784514554","DEV_GDTC_Email-Integration"
"503206824669","STG_Kentico"
"349486515538","DEV_CherwellIntegration"
"861087404736","PRD_GlobeITWiki"
"030946171726","SFDC_Integration_Test"
"440535933603","TST_EnterpriseScheduler"
"610120720985","STG_CentralProcessingSystem"
"620669386024","STG_PaymentsExceptionProcessing"
"723219059542","PRD_CeApp"
